{"placeform_data":[{"placement":"-58.987888, 6.153763, -43.460182","surface_normal":"0.222482, 0.974937, -0.000486","transform":"-0.920142, 0.000000, 0.391586, 0.000000, 1.000000, 0.000000, -0.391586, 0.000000, -0.920142, -58.987888, 6.153763, -43.460182"},{"placement":"-56.228840, 5.525455, -40.833351","surface_normal":"0.222482, 0.974937, -0.000486","transform":"-0.228023, 0.000000, -0.973656, 0.000000, 1.000000, 0.000000, 0.973656, 0.000000, -0.228023, -56.228840, 5.525455, -40.833351"},{"placement":"-51.927074, 4.576921, -35.965755","surface_normal":"0.204825, 0.978753, -0.009501","transform":"0.533289, 0.000000, 0.845933, 0.000000, 1.000000, 0.000000, -0.845933, 0.000000, 0.533289, -51.927074, 4.576921, -35.965755"},{"placement":"-50.297207, 4.406586, -45.596970","surface_normal":"0.239057, 0.966543, 0.092989","transform":"0.838535, 0.000000, 0.544847, 0.000000, 1.000000, 0.000000, -0.544847, 0.000000, 0.838535, -50.297207, 4.406586, -45.596970"},{"placement":"-55.349445, 5.919614, -48.341129","surface_normal":"0.217391, 0.969165, 0.116016","transform":"0.503192, 0.000000, -0.864175, 0.000000, 1.000000, 0.000000, 0.864175, 0.000000, 0.503192, -55.349445, 5.919614, -48.341129"}],"plant_data":{"plant/plant":{"density/density_per_units":100,"fwd_vector/fwd_vector_blending":0,"fwd_vector/fwd_vector_primary":"0.000000, 0.000000, 0.000000","fwd_vector/fwd_vector_primary_type":0,"fwd_vector/fwd_vector_secondary":"0.000000, 0.000000, 0.000000","fwd_vector/fwd_vector_secondary_type":0,"import_export/export_greenhouse_data_button":false,"import_export/export_plant_data_button":false,"import_export/import_greenhouse_data_button":false,"import_export/import_plant_data_button":false,"mesh/mesh_LOD_kill_distance":-1,"mesh/mesh_LOD_max_capacity":75,"mesh/mesh_LOD_max_distance":10,"mesh/mesh_LOD_min_size":1,"mesh/mesh_LOD_variants":[{"cast_shadow":1,"mesh":null,"spawned_spatial":"res://assets/foliage/grass_1.tscn"}],"octree/octree_recenter_button":false,"octree/octree_reconfigure_button":false,"offset/offset_jitter_fraction":0.6,"offset/offset_y_range":[0,0],"rotation/rotation_random_x":0,"rotation/rotation_random_y":180,"rotation/rotation_random_z":0,"scale/scale_range":["1.000000, 1.000000, 1.000000","1.000000, 1.000000, 1.000000"],"scale/scale_scaling_type":0,"slope/slope_allowed_range":[0,180],"up_vector/up_vector_blending":0,"up_vector/up_vector_primary":"0.000000, 0.000000, 0.000000","up_vector/up_vector_primary_type":2,"up_vector/up_vector_secondary":"0.000000, 0.000000, 0.000000","up_vector/up_vector_secondary_type":2},"plant/plant_brush_active":true,"plant/plant_label":"Grass1"}}